,Track Name,Artists,Album Name,Album ID,Track ID,Popularity,Release Date,Duration (ms),Explicit,External URLs,Danceability,Energy,Key,Loudness,Mode,Speechiness,Acousticness,Instrumentalness,Liveness,Valence,Tempo
0,Not Like Us,Kendrick Lamar,Not Like Us,5JjnoGJyOxfSZUZtk2rRwZ,6AI3ezQ4o3HUoP6Dhudph3,96,2024-05-04,274192,True,https://open.spotify.com/track/6AI3ezQ4o3HUoP6Dhudph3,0.898,0.472,1,-7.001,1,0.0776,0.0107,0.0,0.141,0.214,101.061
1,Houdini,Eminem,Houdini,6Xuu2z00jxRPZei4IJ9neK,2HYFX63wP3otVIvopRS99Z,94,2024-05-31,227239,True,https://open.spotify.com/track/2HYFX63wP3otVIvopRS99Z,0.936,0.887,9,-2.76,0,0.0683,0.0292,1.88e-06,0.0582,0.889,127.003
2,BAND4BAND (feat. Lil Baby),"Central Cee, Lil Baby",BAND4BAND (feat. Lil Baby),4AzPr5SUpNF553eC1d3aRy,7iabz12vAuVQYyekFIWJxD,91,2024-05-23,140733,True,https://open.spotify.com/track/7iabz12vAuVQYyekFIWJxD,0.882,0.764,11,-5.241,1,0.204,0.359,0.0,0.119,0.886,140.113
3,I Don't Wanna Wait,"David Guetta, OneRepublic",I Don't Wanna Wait,0wCLHkBRKcndhMQQpeo8Ji,331l3xABO0HMr1Kkyh2LZq,90,2024-04-05,149668,False,https://open.spotify.com/track/331l3xABO0HMr1Kkyh2LZq,0.681,0.714,1,-4.617,0,0.0309,0.0375,0.0,0.232,0.554,129.976
4,Pedro,"Jaxomy, Agatino Romero, Raffaella Carrà",Pedro,5y6RXjI5VPR0RyInghTbf1,48lxT5qJF0yYyf2z4wB4xW,89,2024-03-29,144846,False,https://open.spotify.com/track/48lxT5qJF0yYyf2z4wB4xW,0.788,0.936,9,-6.294,1,0.301,0.0229,1.3e-06,0.311,0.844,151.019
5,Type Shit,"Future, Metro Boomin, Travis Scott, Playboi Carti",WE DON'T TRUST YOU,4iqbFIdGOTzXeDtt9owjQn,28drn6tQo95MRvO0jQEo5C,88,2024-03-22,228267,True,https://open.spotify.com/track/28drn6tQo95MRvO0jQEo5C,0.64,0.552,2,-5.679,1,0.129,0.0215,0.0,0.119,0.112,144.941
6,CARNIVAL,"¥$, Kanye West, Ty Dolla $ign, Rich The Kid, Playboi Carti",VULTURES 1,30zwjSQEodaUXCn11nmiVF,3w0w2T288dec0mgeZZqoNN,87,2024-02-09,264324,True,https://open.spotify.com/track/3w0w2T288dec0mgeZZqoNN,0.594,0.811,1,-5.746,1,0.159,0.189,0.0,0.339,0.311,148.144
7,Prada,"cassö, RAYE, D-Block Europe",Prada,5MU0RmBSpoSxOPYBfcobDc,59NraMJsLaMCVtwXTSia8i,87,2023-08-11,132359,True,https://open.spotify.com/track/59NraMJsLaMCVtwXTSia8i,0.638,0.717,8,-5.804,1,0.0375,0.001,1.79e-06,0.113,0.422,141.904
8,euphoria,Kendrick Lamar,euphoria,32bR4LcEc1PvJEhaKoo4ZN,77DRzu7ERs0TX3roZcre7Q,88,2024-04-30,383639,True,https://open.spotify.com/track/77DRzu7ERs0TX3roZcre7Q,0.831,0.643,1,-5.002,1,0.11,0.046,0.0,0.084,0.142,139.948
9,redrum,21 Savage,american dream,2RRYaYHY7fIIdvFlvgb5vq,52eIcoLUM25zbQupAZYoFh,87,2024-01-12,270698,True,https://open.spotify.com/track/52eIcoLUM25zbQupAZYoFh,0.625,0.733,2,-8.757,1,0.0488,0.00598,0.000983,0.375,0.244,172.09
10,Lovin On Me,Jack Harlow,Lovin On Me,6VCO0fDBGbRW8mCEvV95af,4xhsWYTOGcal8zt0J161CU,86,2023-11-10,138411,True,https://open.spotify.com/track/4xhsWYTOGcal8zt0J161CU,0.943,0.558,2,-4.911,1,0.0568,0.0026,2.19e-06,0.0937,0.606,104.983
11,Thank You (Not So Bad),"Dimitri Vegas & Like Mike, Tiësto, Dido, W&W, Dimitri Vegas, Like Mike",Thank You (Not So Bad),1J7XItLnNLegigdh4AjGKN,09CnYHiZ5jGT1wr1TXJ9Zt,86,2023-12-01,140000,False,https://open.spotify.com/track/09CnYHiZ5jGT1wr1TXJ9Zt,0.673,0.95,11,-5.149,1,0.0488,0.0229,0.0823,0.398,0.563,150.019
12,fukumean,Gunna,a Gift & a Curse,5qmZefgh78fN3jsyPPlvuw,4rXLjWdF2ZZpXCVTfWcshS,86,2023-06-16,125040,True,https://open.spotify.com/track/4rXLjWdF2ZZpXCVTfWcshS,0.847,0.622,1,-6.747,0,0.0903,0.119,0.0,0.285,0.22,130.001
13,I'm Good (Blue),"David Guetta, Bebe Rexha",I'm Good (Blue),7M842DMhYVALrXsw3ty7B3,4uUG5RXrOk84mYEfFvj3cK,88,2022-08-26,175238,True,https://open.spotify.com/track/4uUG5RXrOk84mYEfFvj3cK,0.561,0.965,7,-3.673,0,0.0343,0.00383,7.07e-06,0.371,0.304,128.04
14,Whatever,"Kygo, Ava Max",Whatever,2DoFm78vsYw31kJRzvIP4l,0LMwmV37RCmBO2so0szAFs,86,2024-01-19,178273,False,https://open.spotify.com/track/0LMwmV37RCmBO2so0szAFs,0.58,0.777,3,-5.69,1,0.0655,0.104,0.0,0.342,0.589,108.005
15,Miles On It,"Marshmello, Kane Brown",Miles On It,5gWV4yp27HCbXJ1YLe8hQM,4pkb8SbRGeHAvdb87v9rpf,85,2024-05-03,168454,False,https://open.spotify.com/track/4pkb8SbRGeHAvdb87v9rpf,0.634,0.761,5,-4.752,1,0.0472,0.00537,0.0,0.549,0.785,129.963
16,Tell Ur Girlfriend,Lay Bankz,Tell Ur Girlfriend,0S8DGX9LmBkRSVi3ywcCOT,3lMzT16MjAKKXF7pSZn13B,85,2024-02-07,124444,True,https://open.spotify.com/track/3lMzT16MjAKKXF7pSZn13B,0.866,0.741,7,-4.66,1,0.245,0.0933,0.0,0.0297,0.614,135.07
17,Ric Flair Drip (with Metro Boomin),"Offset, Metro Boomin",Without Warning,0MV1yCXcNNQBfwApqAVkH0,7sO5G9EABYOXQKNPNiE9NR,84,2017-10-30,172800,True,https://open.spotify.com/track/7sO5G9EABYOXQKNPNiE9NR,0.88,0.428,9,-8.28,1,0.206,0.149,5.05e-05,0.114,0.333,100.007
18,Save Your Tears,The Weeknd,After Hours,4yP0hdKOZPNshxUOjY0cZj,5QO79kh1waicV47BqGRL3g,84,2020-03-20,215627,True,https://open.spotify.com/track/5QO79kh1waicV47BqGRL3g,0.679,0.825,0,-5.487,1,0.0309,0.0212,1.21e-05,0.543,0.644,118.049
19,Overdrive (feat. Norma Jean Martine),"Ofenbach, Norma Jean Martine",Overdrive (feat. Norma Jean Martine),2axYqSKAhWaN60ijTZ0XXg,3bK1zVFBKIzYjmptmI4NsJ,84,2023-10-06,155905,False,https://open.spotify.com/track/3bK1zVFBKIzYjmptmI4NsJ,0.611,0.757,6,-3.546,1,0.03,0.00257,0.0,0.058,0.279,126.963
20,Vois sur ton chemin - Techno Mix,BENNETT,Vois sur ton chemin (Techno Mix),79Cyc8GRWnLyjdJSMyJ0dB,31nfdEooLEq7dn3UMcIeB5,84,2023-08-04,178156,False,https://open.spotify.com/track/31nfdEooLEq7dn3UMcIeB5,0.634,0.824,2,-3.394,0,0.047,0.0908,0.0711,0.119,0.371,137.959
21,SLAY!,Eternxlkz,SLAY!,3xCc8FxQsm6AE7ZWJ7h5sx,67smGwuPEtA6GAfeweAVNO,84,2024-03-15,107077,True,https://open.spotify.com/track/67smGwuPEtA6GAfeweAVNO,0.681,0.773,1,-4.706,1,0.0345,0.0863,0.734,0.0978,0.504,129.923
22,The Box,Roddy Ricch,Please Excuse Me for Being Antisocial,52u4anZbHd6UInnmHRFzba,0nbXyq5TXYPCO7pr3N8S4I,83,2019-12-06,196653,True,https://open.spotify.com/track/0nbXyq5TXYPCO7pr3N8S4I,0.896,0.586,10,-6.687,0,0.0559,0.104,0.0,0.79,0.642,116.971
23,Baby Don't Hurt Me,"David Guetta, Anne-Marie, Coi Leray",Baby Don't Hurt Me,327tc3Eruk1HP1w62iqROy,3BKD1PwArikchz2Zrlp1qi,85,2023-04-06,140018,False,https://open.spotify.com/track/3BKD1PwArikchz2Zrlp1qi,0.602,0.91,7,-3.404,1,0.0308,0.00126,0.000174,0.12,0.228,127.944
24,Give It To Me - Full Vocal Mix,Matt Sassari,Give It To Me (Full Vocal Mix),1jbRY71konakrKvDUiW7Rp,5ZduaRci3iNUiDfJbBfAaf,83,2021-10-22,102861,False,https://open.spotify.com/track/5ZduaRci3iNUiDfJbBfAaf,0.874,0.869,1,-5.996,0,0.0315,0.00116,0.00238,0.164,0.726,126.027
25,It's Not Right But It's Okay,Mr. Belt & Wezol,It's Not Right But It's Okay,116jZe8fEmfjKBh4d8ZcDO,5OFVzqSeFxGpvDGyHvVeLj,83,2024-02-23,152305,False,https://open.spotify.com/track/5OFVzqSeFxGpvDGyHvVeLj,0.755,0.86,5,-4.811,0,0.0523,0.0144,7.47e-06,0.344,0.618,128.004
26,Godzilla (feat. Juice WRLD),"Eminem, Juice WRLD",Music To Be Murdered By,4otkd9As6YaxxEkIjXPiZ6,7FIWs0pqAYbP91WWM0vlTQ,82,2020-01-17,210800,True,https://open.spotify.com/track/7FIWs0pqAYbP91WWM0vlTQ,0.808,0.745,10,-5.26,0,0.342,0.145,0.0,0.292,0.829,165.995
27,Push Ups,Drake,Push Ups,06me0leRR3AuF4IFiEytml,3eh51r6rFWAlGQRlHx9QnQ,82,2024-04-19,232774,True,https://open.spotify.com/track/3eh51r6rFWAlGQRlHx9QnQ,0.598,0.696,2,-4.789,1,0.112,0.0153,0.0,0.219,0.209,91.057
28,BELLAKEO,"Peso Pluma, Anitta",BELLAKEO,3VLY9g3CAG1Y5r2eGVEaZ0,05WVKTdZhlIMX4qqMLuo0f,82,2023-12-07,197333,True,https://open.spotify.com/track/05WVKTdZhlIMX4qqMLuo0f,0.72,0.88,9,-2.834,1,0.101,0.0562,0.06,0.153,0.463,180.011
29,Tití Me Preguntó,Bad Bunny,Un Verano Sin Ti,3RQQmkQEvNCY4prGKE6oc5,1IHWl5LamUGEuP4ozKQSXZ,82,2022-05-06,243717,True,https://open.spotify.com/track/1IHWl5LamUGEuP4ozKQSXZ,0.65,0.715,5,-5.198,0,0.253,0.0993,0.000291,0.126,0.187,106.672
30,SICKO MODE,Travis Scott,ASTROWORLD,41GuZcammIkupMPKH2OJ6I,2xLMifQCjDGFmkHkpNLD9h,81,2018-08-03,312820,True,https://open.spotify.com/track/2xLMifQCjDGFmkHkpNLD9h,0.834,0.73,8,-3.714,1,0.222,0.00513,0.0,0.124,0.446,155.008
31,CUTE DEPRESSED,Dyan Dxddy,CUTE DEPRESSED,5qaY84OJqYT635rMGeWBzJ,06PqeO7IInus2yvzsZwZhf,81,2024-02-02,96947,False,https://open.spotify.com/track/06PqeO7IInus2yvzsZwZhf,0.83,0.919,10,-2.12,0,0.145,0.503,0.748,0.0757,0.848,151.221
32,Alibi (feat. Rudimental),"Ella Henderson, Rudimental",Alibi (feat. Rudimental),3Ku8LDPYg53Kh59amfFWjL,5Jpz4nv8nA6FIYO5gEyQa2,81,2024-01-12,184852,False,https://open.spotify.com/track/5Jpz4nv8nA6FIYO5gEyQa2,0.545,0.793,0,-3.615,0,0.0371,0.191,0.00281,0.335,0.411,87.024
33,Deep Down (feat. Never Dull),"Alok, Ella Eyre, Kenny Dope, Never Dull",Deep Down (feat. Never Dull),3KpxpdySrMR2S7noneu1bI,7MIhUdNJtaOnDmC5nBC1fb,81,2022-06-17,165753,False,https://open.spotify.com/track/7MIhUdNJtaOnDmC5nBC1fb,0.687,0.818,0,-4.221,1,0.0778,0.0112,0.0,0.248,0.886,125.952
34,Push Up - Main Edit,Creeds,Push Up (Main Edit),3v5BP6gPT1nNU9rjs57fF0,3AjSfp5FDvwtMU9XBsbS8j,80,2023-03-31,139300,False,https://open.spotify.com/track/3AjSfp5FDvwtMU9XBsbS8j,0.767,0.83,7,-8.78,1,0.206,0.209,0.836,0.0582,0.187,75.023
35,METAMORPHOSIS,INTERWORLD,METAMORPHOSIS,3apQZbgVql9mHJlp43jk5D,2ksyzVfU0WJoBpu8otr4pz,80,2021-11-25,142839,True,https://open.spotify.com/track/2ksyzVfU0WJoBpu8otr4pz,0.593,0.641,7,-12.727,0,0.0992,0.426,0.901,0.122,0.147,175.014
36,Doja,Central Cee,Doja,6oECjagksATHu2UaclXrq1,3LtpKP5abr2qqjunvjlX5i,80,2022-07-21,97393,True,https://open.spotify.com/track/3LtpKP5abr2qqjunvjlX5i,0.911,0.573,6,-7.43,1,0.288,0.38,0.0,0.403,0.972,140.04
37,Rich Baby Daddy (feat. Sexyy Red & SZA),"Drake, Sexyy Red, SZA",For All The Dogs,4czdORdCWP9umpbhFXK2fW,1yeB8MUNeLo9Ek1UEpsyz6,82,2023-10-06,319192,True,https://open.spotify.com/track/1yeB8MUNeLo9Ek1UEpsyz6,0.636,0.729,2,-4.495,1,0.055,0.0458,0.0,0.384,0.141,146.009
38,LET'S GET FKD UP,"Alok, Mondello'G, CERES, Tribbs",LET'S GET FKD UP (feat. Tribbs),1zz2cxnkEpgyLdSmoPBEjK,0iB5f04XdJ2tcfhoVkeLV8,80,2023-11-17,121500,True,https://open.spotify.com/track/0iB5f04XdJ2tcfhoVkeLV8,0.65,0.946,10,-5.454,1,0.0421,0.00191,0.127,0.149,0.425,160.027
39,Yeah Glo!,GloRilla,Ehhthang Ehhthang,0SW0LplxFID1otCk4bhhHI,5A8xI7PN4WDe9e61xEdt94,80,2024-04-05,142703,True,https://open.spotify.com/track/5A8xI7PN4WDe9e61xEdt94,0.894,0.66,11,-5.349,0,0.33,0.0243,0.0,0.139,0.181,148.072
40,Get It Sexyy,Sexyy Red,Get It Sexyy,3ahxhuhmGJiN0CWLOff9Sw,2MjXWroB9wlTG2kqv3avfS,79,2024-03-15,148552,True,https://open.spotify.com/track/2MjXWroB9wlTG2kqv3avfS,0.811,0.64,5,-5.63,0,0.274,0.0957,0.0,0.127,0.527,145.031
41,Belly Dancer,"Imanbek, BYOR",Belly Dancer,2npvQTpyjLtapBWTNTNlqn,7fZBQnc0zXwVybgCIrQQil,79,2022-02-18,151475,False,https://open.spotify.com/track/7fZBQnc0zXwVybgCIrQQil,0.845,0.797,1,-4.984,1,0.139,0.0582,5.57e-06,0.167,0.422,121.985
42,Thunder,"Gabry Ponte, LUM!X, Prezioso",Thunder,35Q09Y0b7ZxOoCdF7sBiGf,2USlegnFJLrVLpoVfPimKB,79,2021-05-07,160000,False,https://open.spotify.com/track/2USlegnFJLrVLpoVfPimKB,0.67,0.896,1,-4.673,1,0.058,0.0342,3.21e-05,0.344,0.403,101.216
43,Pepas,Farruko,Pepas,2A5ksnhz7YWbRLvFMjX1j1,5fwSHlTEWpluwOM0Sxnh5k,79,2021-06-24,287120,True,https://open.spotify.com/track/5fwSHlTEWpluwOM0Sxnh5k,0.762,0.766,7,-3.955,1,0.0343,0.00776,6.98e-05,0.128,0.442,130.001
44,Murder In My Mind,Kordhell,Murder In My Mind,68GI09qAs2XLJmA3hj5K7y,6qyS9qBy0mEk3qYaH8mPss,79,2022-01-21,145000,True,https://open.spotify.com/track/6qyS9qBy0mEk3qYaH8mPss,0.712,0.972,10,-0.514,1,0.112,0.00547,7.06e-05,0.128,0.568,119.966
45,Call It Love,"Felix Jaehn, Ray Dalton",Call It Love,5c3YGhnf058Op4YviM73wn,5YdnOm5990Kfq1Jodws98B,78,2022-09-16,154561,False,https://open.spotify.com/track/5YdnOm5990Kfq1Jodws98B,0.616,0.841,5,-4.779,0,0.076,0.0559,0.00217,0.417,0.714,110.029
46,Jimmy Cooks (feat. 21 Savage),"Drake, 21 Savage","Honestly, Nevermind",3cf4iSSKd8ffTncbtKljXw,3F5CgOj3wFlRv51JsHbxhe,82,2022-06-17,218365,True,https://open.spotify.com/track/3F5CgOj3wFlRv51JsHbxhe,0.529,0.673,0,-4.711,1,0.175,0.000307,2.41e-06,0.093,0.366,165.921
47,Boyz In Paris (with VINAI),"Marnik, Naeleck, VINAI",Boyz In Paris (with VINAI),3FrWieInAhMTL33yALP6H0,17NHXI2CJp7KgdcwcDnRx4,77,2023-07-28,151589,True,https://open.spotify.com/track/17NHXI2CJp7KgdcwcDnRx4,0.628,0.967,1,-4.068,1,0.0485,0.0398,4.67e-05,0.274,0.399,149.036
48,Dernière danse - Techno Mix,"Indila, BENNETT",Dernière danse (Techno Mix),3MhGOga5TlR7JfKxDSxv9Q,5fIZ683j2xPeLAXfHeWKEG,77,2024-01-26,197143,False,https://open.spotify.com/track/5fIZ683j2xPeLAXfHeWKEG,0.589,0.734,0,-5.365,0,0.077,0.0289,0.000299,0.326,0.356,140.004
49,Words (feat. Zara Larsson),"Alesso, Zara Larsson",Words (feat. Zara Larsson),66W7mt0wKGLFALilLBLfU6,1bgKMxPQU7JIZEhNsM1vFs,76,2022-04-22,142677,False,https://open.spotify.com/track/1bgKMxPQU7JIZEhNsM1vFs,0.739,0.586,10,-5.079,0,0.0472,0.0245,0.000252,0.308,0.444,124.026
50,Private Landing (feat. Justin Bieber & Future),"Don Toliver, Justin Bieber, Future",Love Sick,26z5llzd194mcCZHADWd6k,52NGJPcLUzQq5w7uv4e5gf,76,2023-02-24,238253,True,https://open.spotify.com/track/52NGJPcLUzQq5w7uv4e5gf,0.858,0.641,1,-4.31,0,0.0954,0.111,2.12e-05,0.109,0.445,136.991
51,El Merengue,"Marshmello, Manuel Turizo",El Merengue,6sU751LOdNBPvVErW1GunP,51FvjPEGKq2zByeeEQ43V9,76,2023-03-03,189669,False,https://open.spotify.com/track/51FvjPEGKq2zByeeEQ43V9,0.778,0.772,8,-3.079,0,0.0556,0.0929,0.000552,0.0883,0.661,123.982
52,Tacata (Remix),"Tiagz, Fuerza Regida, El Alfa",Tacata (Remix),2GfGGlindjNS4kkZinqKdA,7LLBONqWyX3MoBvIVPu5fj,75,2023-12-22,156716,True,https://open.spotify.com/track/7LLBONqWyX3MoBvIVPu5fj,0.922,0.678,9,-6.016,1,0.146,0.377,0.00279,0.412,0.58,134.012
53,FTCU,Nicki Minaj,Pink Friday 2,2bYCNZfxZrTUv1CHXkz2d2,1a73gcEg6h6Re6hHXoVltJ,75,2023-12-08,172138,True,https://open.spotify.com/track/1a73gcEg6h6Re6hHXoVltJ,0.93,0.435,11,-6.694,1,0.202,0.0173,0.000287,0.117,0.227,144.978
54,First Person Shooter (feat. J. Cole),"Drake, J. Cole",For All The Dogs,4czdORdCWP9umpbhFXK2fW,7aqfrAY2p9BUSiupwk3svU,79,2023-10-06,247444,True,https://open.spotify.com/track/7aqfrAY2p9BUSiupwk3svU,0.475,0.655,11,-7.342,0,0.33,0.0306,0.0,0.375,0.245,163.997
55,Lay Low,Tiësto,Lay Low,0EYKSXXTsON8ZA95BuCoXn,0zKbDrEXKpnExhGQRe9dxt,75,2023-01-06,153443,False,https://open.spotify.com/track/0zKbDrEXKpnExhGQRe9dxt,0.555,0.884,1,-4.424,0,0.213,0.0645,8.18e-05,0.349,0.42,121.906
56,"Baddadan (feat. IRAH, Flowdan, Trigga & Takura)","Chase & Status, Bou, Flowdan, IRAH, Trigga, Takura","Baddadan (feat. IRAH, Flowdan, Trigga & Takura)",2xV74PLdZg5gwA65xGF8cF,2ZWmmrWUgDBcPSLihBMvhg,75,2023-07-27,177292,False,https://open.spotify.com/track/2ZWmmrWUgDBcPSLihBMvhg,0.633,0.931,1,-0.424,1,0.228,0.214,0.00398,0.0585,0.566,87.537
57,Where You Are,"John Summit, HAYLA",Where You Are,4bIEy1wDeaEklS1BanbsmR,4qDpLaFGf5ampf2DXD2TMA,75,2023-03-03,236000,False,https://open.spotify.com/track/4qDpLaFGf5ampf2DXD2TMA,0.567,0.83,9,-6.402,0,0.0349,0.00879,0.0105,0.529,0.0726,126.04
58,Sunshine (My Girl),Wuki,Sunshine (My Girl),7AE0HaidGUaRBSmIZmJ8As,2bI6KAUqXeIXGAEEvup8ri,75,2023-09-01,131250,False,https://open.spotify.com/track/2bI6KAUqXeIXGAEEvup8ri,0.871,0.765,0,-4.602,1,0.116,0.00742,0.000196,0.0953,0.596,128.087
59,21 Reasons (feat. Ella Henderson),"Nathan Dawe, Ella Henderson",21 Reasons (feat. Ella Henderson),118PKNjhP4NWcrW5OjMwzc,1RF02Cf80mTaeNXG2P2boR,75,2022-04-29,155253,False,https://open.spotify.com/track/1RF02Cf80mTaeNXG2P2boR,0.621,0.785,6,-4.499,1,0.11,0.0165,5.92e-06,0.0512,0.779,123.96
60,LET GO,Central Cee,LET GO,1QYPAEk2Ksj3WPv3mvoDnL,3zkyus0njMCL6phZmNNEeN,75,2022-12-15,174247,True,https://open.spotify.com/track/3zkyus0njMCL6phZmNNEeN,0.747,0.413,2,-11.197,0,0.488,0.848,0.0,0.17,0.481,146.05
61,INDUSTRY BABY (feat. Jack Harlow),"Lil Nas X, Jack Harlow",INDUSTRY BABY (feat. Jack Harlow),622NFw5Yk0OReMJ2XWcXUh,27NovPIUIRrOZoCHxABJwK,75,2021-07-23,212000,True,https://open.spotify.com/track/27NovPIUIRrOZoCHxABJwK,0.736,0.704,3,-7.409,0,0.0615,0.0203,0.0,0.0501,0.894,149.995
62,10:35,"Tiësto, Tate McRae",10:35,77wWx9sOCJiy0wcn0P44NO,6BePGk3eCan4FqaW2X8Qy3,75,2022-11-03,172253,False,https://open.spotify.com/track/6BePGk3eCan4FqaW2X8Qy3,0.696,0.793,8,-5.733,1,0.097,0.0683,3.78e-06,0.18,0.698,120.003
63,Nonstop,Drake,Scorpion,1ATL5GLyefJaxhQzSPVrLX,0TlLq3lA83rQOYtrqBqSct,75,2018-06-29,238614,True,https://open.spotify.com/track/0TlLq3lA83rQOYtrqBqSct,0.912,0.412,7,-8.074,1,0.123,0.0165,0.0126,0.104,0.423,154.983
64,Goosebumps - Remix,"Travis Scott, HVME",Goosebumps (Remix),3SdFuYwyWoq7kuaHdTDcyD,5uEYRdEIh9Bo4fpjDd4Na9,75,2021-01-15,162803,True,https://open.spotify.com/track/5uEYRdEIh9Bo4fpjDd4Na9,0.841,0.593,1,-7.846,1,0.0379,0.418,0.0,0.124,0.808,124.917
65,Tell Me Why - MEDUZA Remix,"Supermode, MEDUZA",Tell Me Why (MEDUZA Remix),6CTjQWx50yUs4wNu95cnlM,7jrMFjEq0t09f7m3HnnWXl,74,2022-09-02,171429,False,https://open.spotify.com/track/7jrMFjEq0t09f7m3HnnWXl,0.561,0.928,6,-5.812,0,0.0371,0.087,0.894,0.332,0.182,125.988
66,One in a Million,"Bebe Rexha, David Guetta",One in a Million,65L5VcKGKe6sOJIPNFc0Q1,3YfGTvsTAWGC2lgoDOikUz,74,2023-08-04,160530,False,https://open.spotify.com/track/3YfGTvsTAWGC2lgoDOikUz,0.454,0.931,11,-4.083,1,0.0321,0.238,0.000623,0.289,0.462,137.945
67,Rainfall (Praise You),Tom Santa,Rainfall (Praise You),4VanY5i4E59Mhz52qznJ95,1M8t1j3Kv2qp97bdq5q4Vl,74,2022-02-18,166570,False,https://open.spotify.com/track/1M8t1j3Kv2qp97bdq5q4Vl,0.767,0.862,5,-5.464,0,0.0606,0.14,0.0092,0.252,0.509,128.039
68,REACT,"Switch Disco, Ella Henderson, Robert Miles",REACT,3opvHAj80TIQMZAg9a2FNv,1UPHCP5YeVfele4DMbdGyi,74,2023-01-13,201146,False,https://open.spotify.com/track/1UPHCP5YeVfele4DMbdGyi,0.737,0.899,6,-3.189,0,0.0556,0.0329,0.0,0.186,0.358,125.992
69,In My Bones,"Lost Frequencies, David Kushner",In My Bones,1KIJzQIjSlJaSQZ9qLf1kB,1dcK8O2qEq7E34o4ImQEco,74,2024-04-19,156127,False,https://open.spotify.com/track/1dcK8O2qEq7E34o4ImQEco,0.657,0.773,6,-5.985,0,0.0391,0.0782,3.57e-05,0.25,0.324,128.013
70,Bulletproof,"La Roux, GAMPER & DADONI",Bulletproof,5TSSlGJmfkBNC4M3uoMswL,0SyxZC4wlqAwf20cHE6Xon,74,2021-05-21,162213,False,https://open.spotify.com/track/0SyxZC4wlqAwf20cHE6Xon,0.752,0.771,6,-5.95,1,0.0311,0.00341,1.73e-05,0.0905,0.527,126.02
71,Bad Memories (feat. Elley Duhé & FAST BOY),"MEDUZA, James Carter, Elley Duhé, FAST BOY",Bad Memories (feat. Elley Duhé & FAST BOY),44aG7QLYLGotCTlu5Fc2J7,3rb0tMq42WfggucPm0HHkA,73,2022-07-22,148629,False,https://open.spotify.com/track/3rb0tMq42WfggucPm0HHkA,0.607,0.767,5,-6.069,0,0.0474,0.118,0.0,0.122,0.662,123.998
72,The Motto,"Tiësto, Ava Max",The Motto,278z9UXJaMNDH9Bel9uAxV,18asYwWugKjjsihZ0YvRxO,74,2021-11-04,164819,False,https://open.spotify.com/track/18asYwWugKjjsihZ0YvRxO,0.754,0.763,7,-4.627,0,0.0435,0.0301,2.23e-05,0.0901,0.464,117.953
73,leavemealone,"Fred again.., Baby Keem",leavemealone,3Tsut3cVOWP7AKAR4Dtmhb,1MVqeIAwhD4T44AKVkIfic,73,2023-12-08,222784,True,https://open.spotify.com/track/1MVqeIAwhD4T44AKVkIfic,0.68,0.881,0,-4.503,1,0.0553,0.00499,0.0253,0.574,0.105,174.062
74,SAY MY GRACE (feat. Travis Scott),"Offset, Travis Scott",SET IT OFF,1D1hLipjrdB6pnxurMtC3E,2Gk6fi0dqt91NKvlzGsmm7,73,2023-10-13,173253,True,https://open.spotify.com/track/2Gk6fi0dqt91NKvlzGsmm7,0.772,0.631,10,-5.082,1,0.0431,0.0648,0.0,0.129,0.433,121.854
75,Just Wanna Rock,Lil Uzi Vert,Just Wanna Rock,2FD6g8bXEn2uQMYbeqqoCg,4FyesJzVpA39hbYvcseO2d,73,2022-10-17,123891,True,https://open.spotify.com/track/4FyesJzVpA39hbYvcseO2d,0.486,0.545,11,-7.924,1,0.0336,0.0652,0.00474,0.0642,0.0385,150.187
76,"Are You Going to See the Rose in the Vase, or the Dust on the Table",$uicideboy$,"Are You Going to See the Rose in the Vase, or the Dust on the Table",1X1uDkDDs2BQiKlghA0gVQ,78RdTKcI2CediltTnGLIqr,73,2024-04-19,150943,True,https://open.spotify.com/track/78RdTKcI2CediltTnGLIqr,0.749,0.505,11,-6.793,0,0.0458,0.0752,0.0,0.494,0.258,140.006
77,Lie,NF,Perception,1KOmHyNLuOe5YrPhD3Juuf,07FkzikE6FuHIa8Ma7zJGc,73,2017-10-06,209213,False,https://open.spotify.com/track/07FkzikE6FuHIa8Ma7zJGc,0.749,0.659,5,-6.419,1,0.167,0.161,0.0,0.246,0.185,95.008
78,Everybody (feat. Lil Uzi Vert),"Nicki Minaj, Lil Uzi Vert",Pink Friday 2,2bYCNZfxZrTUv1CHXkz2d2,5ZJGv7aGdIr9IGpxzSG18T,73,2023-12-08,180870,True,https://open.spotify.com/track/5ZJGv7aGdIr9IGpxzSG18T,0.737,0.774,11,-5.525,0,0.257,0.0262,0.0,0.238,0.428,137.959
79,Drugs From Amsterdam,Mau P,Drugs From Amsterdam,060SvgMzLKrNzpvVLK5gSo,0w7JPlp7eEQI2EKW3ayXrv,73,2022-09-16,235786,False,https://open.spotify.com/track/0w7JPlp7eEQI2EKW3ayXrv,0.686,0.928,8,-10.38,1,0.0527,0.0316,0.727,0.0576,0.631,124.986
80,Vegas (From the Original Motion Picture Soundtrack ELVIS),Doja Cat,Vegas (From the Original Motion Picture Soundtrack ELVIS),2Q5DPv9uliinOBSdNooIe3,0hquQWY3xvYqN4qtiquniF,73,2022-05-06,182907,True,https://open.spotify.com/track/0hquQWY3xvYqN4qtiquniF,0.801,0.601,8,-7.574,0,0.255,0.0777,3.23e-05,0.145,0.74,159.969
81,Element,Pop Smoke,Meet The Woo 2,4MZnolldq7ciKKlbVDzLm5,57BGVV6wcyhbn3hsjlqEZB,73,2020-02-07,135747,True,https://open.spotify.com/track/57BGVV6wcyhbn3hsjlqEZB,0.772,0.879,2,-4.22,1,0.323,0.0307,1.88e-06,0.25,0.304,61.311
82,La Jumpa,"Arcángel, Bad Bunny",La Jumpa,6LOhj1aK7vkGHJXtKU16PN,5MxFWjuqQIsbNWbMdMdbli,72,2022-11-30,255693,True,https://open.spotify.com/track/5MxFWjuqQIsbNWbMdMdbli,0.713,0.703,8,-5.769,1,0.194,0.298,0.0,0.321,0.576,123.06
83,Remember,"Becky Hill, David Guetta",Remember,6DHfD3rZapWFmEKX1FNNZF,4laAKIq9ZxBCwf99rauPYb,72,2021-06-18,160766,False,https://open.spotify.com/track/4laAKIq9ZxBCwf99rauPYb,0.612,0.862,8,-2.903,1,0.037,0.041,0.0,0.0907,0.354,123.849
84,BABY HELLO,"Rauw Alejandro, Bizarrap",BABY HELLO,5KDgQ8sKzlThX02A5urLj0,2SOvWt6igzXViIjIiWNWEP,72,2023-06-23,222462,True,https://open.spotify.com/track/2SOvWt6igzXViIjIiWNWEP,0.773,0.892,1,-3.732,0,0.0483,0.166,3.1e-06,0.429,0.842,130.007
85,Another Love - Tiësto Remix,"Tom Odell, Tiësto",Another Love (Tiësto Remix),1QltVGlNGbK94CKgUsYZGa,4Et6tUEO7biKxZEfJXpNj1,72,2022-05-13,185366,False,https://open.spotify.com/track/4Et6tUEO7biKxZEfJXpNj1,0.79,0.764,4,-4.685,0,0.0737,0.0836,0.0871,0.132,0.473,123.046
86,Tarantella,"Gabry Ponte, KEL",Tarantella,0nxNoLQWFwsRqTfLh7R0sq,4pBuhoBxgwBpkkOhfT6p6N,71,2024-03-29,145554,False,https://open.spotify.com/track/4pBuhoBxgwBpkkOhfT6p6N,0.701,0.861,9,-5.509,1,0.0781,0.139,2.58e-05,0.332,0.426,140.072
87,Area Codes,Kaliii,Area Codes,6uk3hBYbrMsSzufADPjv9K,7sliFe6W30tPBPh6dvZsIH,71,2023-03-17,139326,True,https://open.spotify.com/track/7sliFe6W30tPBPh6dvZsIH,0.823,0.388,1,-10.867,1,0.491,0.0187,0.0,0.0876,0.507,154.569
88,Astronaut In The Ocean,Masked Wolf,Astronaut In The Ocean,7vus4Q8r5DS2Dl1JClxEsA,3Ofmpyhv5UAQ70mENzB277,71,2021-01-06,132780,True,https://open.spotify.com/track/3Ofmpyhv5UAQ70mENzB277,0.778,0.695,4,-6.865,0,0.0913,0.175,0.0,0.15,0.472,149.996
89,Players,Coi Leray,Players,4cAAsw7mPkGt15GXQzWlrM,6UN73IYd0hZxLi8wFPMQij,71,2022-11-30,139560,True,https://open.spotify.com/track/6UN73IYd0hZxLi8wFPMQij,0.948,0.512,6,-5.74,0,0.146,0.0269,8.57e-06,0.0504,0.599,105.004
90,Wanna Be (with Megan Thee Stallion),"GloRilla, Megan Thee Stallion",Wanna Be (with Megan Thee Stallion),06VGCe5MitPzT9VuqH4u1C,0Izt8MdEU7zDy2hDsm5YkH,71,2024-04-05,156444,True,https://open.spotify.com/track/0Izt8MdEU7zDy2hDsm5YkH,0.919,0.629,1,-5.17,1,0.376,0.0226,0.0,0.146,0.407,135.05
91,HISS,Megan Thee Stallion,HISS,2QfxtFVJK1qh8pj2DEFHlA,79AHPJd8upvNxyK2qQcY8J,71,2024-01-26,192819,True,https://open.spotify.com/track/79AHPJd8upvNxyK2qQcY8J,0.745,0.663,1,-5.056,1,0.423,0.078,0.0,0.213,0.686,167.137
92,On My Love,"Zara Larsson, David Guetta",On My Love,1NoYjCb7ReBR4kfmjntHTi,0dxp7DyPJEo6JhtnjUtBnN,71,2023-09-15,222912,False,https://open.spotify.com/track/0dxp7DyPJEo6JhtnjUtBnN,0.495,0.691,10,-4.989,0,0.0447,0.0745,0.0033,0.0881,0.299,123.051
93,MONEY ON THE DASH,"Elley Duhé, Whethan",MONEY ON THE DASH,1nlaLDMPSzXL8G5LPBDhwd,1p0jBDjxORjYNJyAphBRpE,71,2023-01-20,145667,False,https://open.spotify.com/track/1p0jBDjxORjYNJyAphBRpE,0.84,0.667,8,-7.126,1,0.0843,0.0439,1.34e-05,0.179,0.292,120.044
94,Princess Diana (with Nicki Minaj),"Ice Spice, Nicki Minaj",Princess Diana (with Nicki Minaj),2Q7WBQ794rA9ISPLfqdKjK,0ZxhtATQ0a6EvQNZ0z6NKV,71,2023-04-14,172125,True,https://open.spotify.com/track/0ZxhtATQ0a6EvQNZ0z6NKV,0.898,0.689,9,-5.092,1,0.171,0.165,0.0,0.0957,0.772,147.964
95,Edge of Seventeen,Wuki,Edge of Seventeen,6oeEtPWpOfed7plMHI5qef,5IFSvSEeCAvvBEQ85poqKB,70,2022-10-21,164043,False,https://open.spotify.com/track/5IFSvSEeCAvvBEQ85poqKB,0.708,0.909,5,-5.999,0,0.0476,0.0324,0.527,0.08,0.351,127.997
96,Rhyme Dust,"MK, Dom Dolla",Rhyme Dust,1vSO4N7cwo4pBywCSGF5BR,59QDyqLww2pxyg9ijOPO7f,69,2023-02-24,181365,False,https://open.spotify.com/track/59QDyqLww2pxyg9ijOPO7f,0.925,0.561,3,-8.675,1,0.176,0.0659,0.0271,0.152,0.721,128.034
97,Marianela (Que Pasa),"HUGEL, Merk & Kremont, Lirico En La Casa",Marianela (Que Pasa),5As1VmPUMn4HIgYSbFD6l0,5bZjb7xKqLqa58QiUBcVvl,69,2022-11-25,145766,False,https://open.spotify.com/track/5bZjb7xKqLqa58QiUBcVvl,0.818,0.885,1,-4.184,1,0.0498,0.0353,0.00655,0.0785,0.532,124.041
98,Vent,NOIT,Vent,5wr0mILtj1RIw3ig141YpU,4yMXKeuRDOIzrh3fBiJYds,69,2024-03-01,176898,True,https://open.spotify.com/track/4yMXKeuRDOIzrh3fBiJYds,0.897,0.583,3,-9.584,0,0.376,0.0295,0.00117,0.162,0.954,126.183
99,RIZZ,AYYBO,RIZZ,6uH0vo25qVqNveP02Pr4Uc,3DqOJ2BoddzZpNdty3okJH,69,2023-11-15,200787,True,https://open.spotify.com/track/3DqOJ2BoddzZpNdty3okJH,0.855,0.839,7,-5.733,1,0.153,0.0736,0.426,0.32,0.729,127.044
100,"Phir Aur Kya Chahiye (From ""Zara Hatke Zara Bachke"")","Sachin-Jigar, Arijit Singh, Amitabh Bhattacharya","Phir Aur Kya Chahiye (From ""Zara Hatke Zara Bachke"")",6j4QpObdnZpxNU52o2egBZ,5QW9K4A1gMnIi94YUxtsfM,70,2023-05-16,266075,False,https://open.spotify.com/track/5QW9K4A1gMnIi94YUxtsfM,0.556,0.552,4,-5.875,1,0.0373,0.531,0.0,0.121,0.531,100.051
101,"Dekhha Tenu (From ""Mr. And Mrs. Mahi"")","Mohammad Faiz, Jaani","Dekhha Tenu (From ""Mr. And Mrs. Mahi"")",1C3FmwSQAbjnZR6GRgnWQc,34Fh4HXZmnuBdtgejWUZg2,81,2024-05-14,281512,False,https://open.spotify.com/track/34Fh4HXZmnuBdtgejWUZg2,0.417,0.439,10,-6.901,1,0.0368,0.711,0.0,0.193,0.506,83.982
102,Jaadugari,"maahi, Shayra Apoorva",Jaadugari,5sPUfdDzhZ6CC4umEbHJD8,01JcMZVoGUIWpCacWTiJzb,55,2024-05-22,153882,False,https://open.spotify.com/track/01JcMZVoGUIWpCacWTiJzb,0.619,0.364,7,-9.447,1,0.127,0.288,0.0,0.322,0.422,169.708
103,Soulmate,"Badshah, Arijit Singh",Ek Tha Raja,0LcyzKKw3RjFKL6ygISTeU,1tf2iody5iRLYYPDSBpzRc,80,2024-03-18,213600,False,https://open.spotify.com/track/1tf2iody5iRLYYPDSBpzRc,0.664,0.553,9,-7.555,1,0.0376,0.616,0.0,0.157,0.604,99.93
104,"Sajni (From ""Laapataa Ladies"")","Ram Sampath, Arijit Singh, Prashant Pandey","Sajni (From ""Laapataa Ladies"")",3I3kZyHUtEA9Y59rJkxtk6,5zCnGtCl5Ac5zlFHXaZmhy,83,2024-02-12,170045,False,https://open.spotify.com/track/5zCnGtCl5Ac5zlFHXaZmhy,0.428,0.413,0,-7.783,1,0.0281,0.827,9.35e-06,0.108,0.355,79.646
105,nadaaniyan,Akshath,nadaaniyan,5iB4wggqDR2cQSduJGBfUy,3bmsaFp11I9pbicxzlStf3,73,2024-05-19,171064,False,https://open.spotify.com/track/3bmsaFp11I9pbicxzlStf3,0.698,0.334,6,-6.297,0,0.0291,0.721,0.0,0.0836,0.694,94.123
106,"Tere Vaaste (From ""Zara Hatke Zara Bachke"")","Varun Jain, Sachin-Jigar, Shadab Faridi, Altamash Faridi, Amitabh Bhattacharya","Tere Vaaste (From ""Zara Hatke Zara Bachke"")",4qOiFNt1NMuyLEY8fxigSd,46hzNOUOAlivuCZZ0wE3zi,67,2023-05-22,189136,False,https://open.spotify.com/track/46hzNOUOAlivuCZZ0wE3zi,0.762,0.717,7,-8.316,0,0.0372,0.315,1.87e-05,0.0914,0.958,109.996
107,"O Maahi (From ""Dunki"")","Pritam, Arijit Singh, Irshad Kamil","O Maahi (From ""Dunki"")",011VDmbOf50dqxmLnkdsoC,0qQ4IdhjzNr0gJhdMTf2n3,74,2023-12-11,233453,False,https://open.spotify.com/track/0qQ4IdhjzNr0gJhdMTf2n3,0.616,0.669,1,-6.836,1,0.0349,0.562,0.0,0.177,0.475,116.973
108,Dil Haareya,"Arijit Singh, Vivian Richard, JUNO",Dil Haareya,1H8GL20MLKD7SwymXBFnZG,4vrpvlcDM3uze5PoOgZpoV,65,2023-12-07,239836,False,https://open.spotify.com/track/4vrpvlcDM3uze5PoOgZpoV,0.581,0.676,5,-7.7,1,0.0315,0.675,2.58e-06,0.358,0.458,101.973
109,"Soni Soni (From ""Ishq Vishk Rebound"")","Darshan Raval, Jonita Gandhi, Rochak Kohli, Gurpreet Saini","Soni Soni (From ""Ishq Vishk Rebound"")",3vBso6gFPmEwstdMXn3Ahi,36N5awamOX6XX5pQn3aFXZ,77,2024-05-24,176875,False,https://open.spotify.com/track/36N5awamOX6XX5pQn3aFXZ,0.803,0.694,8,-7.83,0,0.0527,0.551,0.000626,0.128,0.484,108.035
110,"Ve Kamleya (From ""Rocky Aur Rani Kii Prem Kahaani"")","Pritam, Arijit Singh, Shreya Ghoshal, Shadab Faridi, Altamash Faridi, Amitabh Bhattacharya","Ve Kamleya (From ""Rocky Aur Rani Kii Prem Kahaani"")",1hvEqSYJOEoLoe0IRTy7PX,6EivvaEepVTjmDde43eGiB,72,2023-07-18,246989,False,https://open.spotify.com/track/6EivvaEepVTjmDde43eGiB,0.468,0.658,2,-7.6,1,0.0668,0.81,0.0333,0.12,0.534,87.607
111,"Tu Hain Toh (From ""Mr. And Mrs. Mahi"")","Bunny, Hunny, Sagar",Mr. And Mrs. Mahi (Original Motion Picture Soundtrack),3PI3er7mHLniPndwdo0mlA,6egfWbtFFhMToV2DvmEzmo,68,2024-05-24,283540,False,https://open.spotify.com/track/6egfWbtFFhMToV2DvmEzmo,0.635,0.273,9,-10.396,1,0.0278,0.94,0.0,0.0928,0.462,100.956
112,Tu Kya Jaane,"Yashika Sikka, A.R. Rahman, Irshad Kamil",Amar Singh Chamkila,3XBoJ6awI7H0aRvMWDszp3,1pbj0csFgmhGh7AuSMsOCZ,65,2024-03-29,258148,False,https://open.spotify.com/track/1pbj0csFgmhGh7AuSMsOCZ,0.66,0.603,10,-7.922,1,0.106,0.63,0.0,0.0892,0.58,80.871
113,Pehle Bhi Main,"Vishal Mishra, Raj Shekhar",ANIMAL,0a183xiCHiC1GQd8ou7WXO,7yDHHVKLbvDmVw1XXhDDIO,80,2023-11-24,250158,False,https://open.spotify.com/track/7yDHHVKLbvDmVw1XXhDDIO,0.413,0.406,10,-10.23,0,0.0353,0.768,2.22e-06,0.107,0.281,76.944
114,Sorry,maahi,Sorry,56gT7wKR7wzbq7w3l5gU7F,0wj0UQuHJ8K3hxoTsAavnk,45,2024-02-01,197850,False,https://open.spotify.com/track/0wj0UQuHJ8K3hxoTsAavnk,0.739,0.858,10,-4.387,1,0.0649,0.137,0.0,0.315,0.839,100.034
115,Ve Haaniyaan,"Danny, Avvy Sra, Sagar",Ve Haaniyaan,6ViHWV1ADObbcYBF7Aq1B5,2C6CJGFLbisteRuY6Plb7b,75,2024-01-19,240000,False,https://open.spotify.com/track/2C6CJGFLbisteRuY6Plb7b,0.786,0.54,2,-5.622,1,0.0264,0.824,4.31e-05,0.123,0.82,108.032
116,"Tum Kya Mile (From ""Rocky Aur Rani Kii Prem Kahaani"")","Pritam, Arijit Singh, Shreya Ghoshal, Amitabh Bhattacharya","Tum Kya Mile (From ""Rocky Aur Rani Kii Prem Kahaani"")",5FtQVEQsWzRcpqh820ZoII,06LCamFUOtImIKi9mFRKiD,73,2023-06-28,277500,False,https://open.spotify.com/track/06LCamFUOtImIKi9mFRKiD,0.271,0.726,7,-6.504,1,0.0527,0.586,0.0,0.353,0.532,87.425
117,Apna Bana Le,"Sachin-Jigar, Arijit Singh, Amitabh Bhattacharya",Bhediya (Original Motion Picture Soundtrack),12sC6UjMWz6EaxnzyfCNMe,5bQ6oDLqvw8tywmnSmwEyL,74,2022-11-22,261702,False,https://open.spotify.com/track/5bQ6oDLqvw8tywmnSmwEyL,0.586,0.562,9,-7.399,1,0.0267,0.803,5.52e-06,0.063,0.436,93.982
118,Rang Lageya,"Mohit Chauhan, Rochak Kohli",Rang Lageya,3Gv6LmSvfxkUFmw8KCmUEr,7mSzDKajY2wUtstQSLdzMK,69,2021-03-17,227962,False,https://open.spotify.com/track/7mSzDKajY2wUtstQSLdzMK,0.651,0.503,4,-8.729,1,0.0261,0.504,0.0,0.469,0.58,108.014
119,"Angaaron (From ""Pushpa 2 The Rule"") [HINDI]","Shreya Ghoshal, Devi Sri Prasad, Raqueeb Alam","Angaaron (From ""Pushpa 2 The Rule"") [HINDI]",7i3rOAK3iPA96QAekZeOrh,2ZDOzySC2g3YF1p26TPzBt,73,2024-05-29,260263,False,https://open.spotify.com/track/2ZDOzySC2g3YF1p26TPzBt,0.745,0.675,5,-6.623,1,0.0993,0.236,0.0,0.13,0.827,94.864
120,"Raataan Lambiyan (From ""Shershaah"")","Tanishk Bagchi, Jubin Nautiyal, Asees Kaur","Raataan Lambiyan (From ""Shershaah"")",2DKSZvMj7Da6rzNVPMgREj,2rOnSn2piaqLAlYjtfUBlY,70,2021-07-30,230292,False,https://open.spotify.com/track/2rOnSn2piaqLAlYjtfUBlY,0.72,0.63,10,-5.549,1,0.0413,0.615,0.0,0.108,0.512,81.009
121,"Bolo Na (From ""12th Fail"")","Shantanu Moitra, Shaan, Shreya Ghoshal","Bolo Na (From ""12th Fail"")",1ewCQCrxuixFqWDsdjxvsx,1JKAoKg9ctbYLDgyyP3vPP,49,2023-10-13,293053,False,https://open.spotify.com/track/1JKAoKg9ctbYLDgyyP3vPP,0.493,0.321,2,-10.002,1,0.0293,0.91,0.00205,0.106,0.299,95.035
122,Suniyan Suniyan,"Juss, MixSingh",Suniyan Suniyan,7fDOsfo0KfyUV2crgrG6zR,0XRb6eZE4dBIJdqwf1Mixu,76,2024-04-12,197538,False,https://open.spotify.com/track/0XRb6eZE4dBIJdqwf1Mixu,0.83,0.626,1,-6.637,1,0.034,0.688,1.23e-06,0.112,0.794,130.004
123,Love Ya,"Diljit Dosanjh, Sagar",Love Ya,4VkH37VVMJ2geNURWVg1W7,5RWZ6TVZ0HeFTdRWu3VQ7w,68,2024-01-06,161880,False,https://open.spotify.com/track/5RWZ6TVZ0HeFTdRWu3VQ7w,0.715,0.505,2,-8.341,0,0.0564,0.619,0.0,0.297,0.547,133.861
124,Aaj Sajeya,Goldie Sohel,Aaj Sajeya,1K1qbVYRTvD4aEYeL2187k,119XDcdbad5u5bp841vUGV,56,2021-03-30,229180,False,https://open.spotify.com/track/119XDcdbad5u5bp841vUGV,0.641,0.57,7,-10.111,1,0.0665,0.883,0.00177,0.161,0.569,79.931
125,"Satranga (From ""ANIMAL"")","Arijit Singh, Shreyas Puranik, Siddharth - Garima","Satranga (From ""ANIMAL"")",5mZX4EMwEyohNmVfLTDtXn,3yHyiUDJdz02FZ6jfUbsmY,80,2023-10-27,271169,False,https://open.spotify.com/track/3yHyiUDJdz02FZ6jfUbsmY,0.273,0.405,0,-5.81,1,0.0298,0.735,0.0,0.189,0.534,89.48
126,Tu Mile Dil Khile,"Stebin Ben, Asees Kaur",Tu Mile Dil Khile,4l9OB8kgKU3M6w5GYQZbKI,6V7UVqe8XnAS4WPdpaw5TK,62,2023-01-19,197392,False,https://open.spotify.com/track/6V7UVqe8XnAS4WPdpaw5TK,0.712,0.659,2,-4.445,0,0.0332,0.334,1.28e-06,0.0884,0.322,93.961
127,"Tum Se (From ""Teri Baaton Mein Aisa Uljha Jiya"")","Sachin-Jigar, Raghav Chaitanya, Varun Jain, Indraneel","Tum Se (From ""Teri Baaton Mein Aisa Uljha Jiya"")",3vVIhgkDoC0vRBba5drHPe,2ceeTJAzKy295Fm0VsaXtE,78,2024-02-02,264090,False,https://open.spotify.com/track/2ceeTJAzKy295Fm0VsaXtE,0.612,0.595,10,-6.356,1,0.0331,0.68,1.11e-06,0.104,0.435,99.991
128,Tum Ho,"Mohit Chauhan, Suzanne D'Mello",Rockstar,3RZxrS2dDZlbsYtMRM89v8,7uNnlVit5qDvfOje0pqICF,70,2011-10-01,316500,False,https://open.spotify.com/track/7uNnlVit5qDvfOje0pqICF,0.356,0.47,5,-8.929,1,0.0278,0.518,1e-05,0.0807,0.167,93.895
129,"Kudmayi (Film Version) (From ""Rocky Aur Rani Kii Prem Kahaani"")","Pritam, Shahid Mallya, Amitabh Bhattacharya",Rocky Aur Rani Kii Prem Kahaani,0SB9pkSJOzevi6IpIBJbwy,7ClqKkywpMLbBJ6L52S6RL,49,2023-08-14,265227,False,https://open.spotify.com/track/7ClqKkywpMLbBJ6L52S6RL,0.413,0.708,9,-9.096,1,0.0688,0.344,3.25e-05,0.289,0.49,86.87
130,"Agar Ho Tum (From ""Mr. And Mrs. Mahi"")","Tanishk Bagchi, Kausar Munir","Agar Ho Tum (From ""Mr. And Mrs. Mahi"")",08PRzEfce7mwprUTvMmfh2,0a17mIL7XTvYqe9mxuPd3y,71,2024-05-20,253224,False,https://open.spotify.com/track/0a17mIL7XTvYqe9mxuPd3y,0.696,0.499,2,-10.061,1,0.0415,0.582,0.0,0.101,0.591,151.848
131,Ek Ladki Ko Dekha Toh Aisa Laga - Title Track,"Darshan Raval, Rochak Kohli, R. D. Burman",Ek Ladki Ko Dekha Toh Aisa Laga,5MSsnkDnHIwMpST0lWi9yB,3IOgP2PSCTdoAID7VmMGEh,68,2019-01-30,155172,False,https://open.spotify.com/track/3IOgP2PSCTdoAID7VmMGEh,0.532,0.603,10,-7.575,1,0.0545,0.756,0.0,0.323,0.431,173.955
132,"Kaise Hua (From ""Kabir Singh"")","Vishal Mishra, Manoj Muntashir","Kaise Hua (From ""Kabir Singh"")",1ncyKqyZae6DoyjYaV9LmS,1y1rQTkWmrZdJmjwuK07GC,72,2019-06-13,234722,False,https://open.spotify.com/track/1y1rQTkWmrZdJmjwuK07GC,0.385,0.464,2,-6.975,1,0.0404,0.452,0.0,0.109,0.15,137.839
133,"Tujhe Kitna Chahne Lage (From ""Kabir Singh"")","Arijit Singh, Mithoon","Tujhe Kitna Chahne Lage (From ""Kabir Singh"")",3I8PdIhk6pNm8Kv0HiF14V,2Fv2injs4qAm8mJBGaxVKU,74,2019-05-31,284780,False,https://open.spotify.com/track/2Fv2injs4qAm8mJBGaxVKU,0.427,0.396,11,-7.556,1,0.0366,0.736,0.0,0.11,0.306,70.368
134,Sang Rahiyo,Jasleen Royal,Sang Rahiyo,1dkHqiypZzME8gcoJCAfWZ,45PA9lW7U5LYnlpGrdTyHY,74,2020-09-10,213288,False,https://open.spotify.com/track/45PA9lW7U5LYnlpGrdTyHY,0.634,0.529,10,-11.374,1,0.0248,0.794,0.0002,0.0567,0.409,94.014
135,"Kesariya (From ""Brahmastra"")","Pritam, Arijit Singh, Amitabh Bhattacharya","Kesariya (From ""Brahmastra"")",1HeX4SmCFW4EPHQDvHgrVS,6VBhH7CyP56BXjp8VsDFPZ,71,2022-07-17,268165,False,https://open.spotify.com/track/6VBhH7CyP56BXjp8VsDFPZ,0.577,0.574,0,-6.525,1,0.0278,0.572,0.0,0.1,0.436,94.009
136,Maiyya Mainu,Sachet Tandon,Jersey (Original Motion Picture Soundtrack),1FrTddcjO9PzPaJX7SkQEC,3ygfdwvBJ2Y5XhJiiHFFZE,70,2022-04-26,231576,False,https://open.spotify.com/track/3ygfdwvBJ2Y5XhJiiHFFZE,0.63,0.739,0,-3.942,1,0.0248,0.194,0.0,0.113,0.224,109.985
137,Ve Kamleya - Asees Version,"Asees Kaur, Pritam",Ve Kamleya - Asees Version,4rFLZ85c7DH7p7dTzMYanE,0t13TDloNQhmFFLOa4bMhs,61,2023-09-04,180000,False,https://open.spotify.com/track/0t13TDloNQhmFFLOa4bMhs,0.485,0.657,2,-6.893,1,0.133,0.369,0.0,0.379,0.395,85.564
138,Roki Na,Goldie Sohel,Roki Na,0FpElWb4THBFTJI9kNDUU0,1W4enKPZmU2iBSTpybXSEn,34,2024-05-16,199683,False,https://open.spotify.com/track/1W4enKPZmU2iBSTpybXSEn,0.4,0.734,0,-6.383,1,0.0867,0.549,4.8e-06,0.0978,0.517,83.855
139,Maan Meri Jaan,King,Champagne Talk,15CyNDuGY5fsG0Hn9rjnpG,1418IuVKQPTYqt7QNJ9RXN,74,2022-09-13,194654,False,https://open.spotify.com/track/1418IuVKQPTYqt7QNJ9RXN,0.698,0.505,6,-8.242,0,0.0356,0.354,0.0,0.0995,0.396,95.868
140,Tera Ban Jaunga,"Akhil Sachdeva, Tulsi Kumar",Kabir Singh,3uuu6u13U0KeVQsZ3CZKK4,3oWxFNsXstcancCR1wODR4,67,2019-06-14,236437,False,https://open.spotify.com/track/3oWxFNsXstcancCR1wODR4,0.605,0.53,11,-6.346,1,0.0246,0.821,0.0,0.131,0.397,93.95
141,Maula Mere Maula,Roop Kumar Rathod,Anwar,1m24oMsNiL89cMnoO2r899,4CGBTtlrjZj7ydpV52cgB4,67,2007-01-12,364330,False,https://open.spotify.com/track/4CGBTtlrjZj7ydpV52cgB4,0.549,0.737,0,-7.865,1,0.0386,0.459,0.00844,0.091,0.412,119.963
142,Kalank - Bonus Track,"Pritam, Shilpa Rao, Arijit Singh",Kalank (Original Motion Picture Soundtrack),6oGrVe1XTTji8TBQh5eJit,5mlgxUtBTfgnshI51n91oC,43,2019-04-14,308136,False,https://open.spotify.com/track/5mlgxUtBTfgnshI51n91oC,0.567,0.673,10,-7.668,1,0.0398,0.492,5.98e-05,0.102,0.325,117.919
143,Agar Tum Saath Ho,"Alka Yagnik, Arijit Singh",Tamasha,2CUXo26JAWIbQx0EVMnjpA,3hkC9EHFZNQPXrtl8WPHnX,71,2015-10-16,341055,False,https://open.spotify.com/track/3hkC9EHFZNQPXrtl8WPHnX,0.562,0.519,3,-8.744,1,0.0326,0.557,0.000268,0.172,0.415,122.925
144,"Janiye (from the Netflix Film ""Chor Nikal Ke Bhaga"")","Vishal Mishra, Rashmeet Kaur","Janiye (from the Netflix Film ""Chor Nikal Ke Bhaga"")",0kZKLq2WZQWvXvbxvK6YoC,0645eBDehHcqfiF15hscQV,76,2023-03-17,223390,False,https://open.spotify.com/track/0645eBDehHcqfiF15hscQV,0.578,0.444,8,-11.447,0,0.0644,0.44,0.0,0.146,0.36,76.032
145,Shayad,"Pritam, Arijit Singh",Love Aaj Kal (Original Motion Picture Soundtrack),6IXfWhC7omotM4lt0ROmEr,1smFN2CLqGROu0J0UyvDfL,72,2020-02-14,247941,False,https://open.spotify.com/track/1smFN2CLqGROu0J0UyvDfL,0.483,0.468,8,-7.642,1,0.0341,0.784,0.0,0.152,0.319,135.875
146,Tujhko Jo Paaya,"Pritam, Mohit Chauhan",Crook (Original Motion Picture Soundtrack),298NO23hfv1nhAE0gQ5vLN,62kyw2ux2p0CZ7pKWtM6QO,60,2010-09-03,184827,False,https://open.spotify.com/track/62kyw2ux2p0CZ7pKWtM6QO,0.598,0.236,9,-9.733,1,0.0363,0.845,0.0,0.109,0.413,149.839
147,"Jaane Jaan - Title Track (From ""Jaane Jaan"")","Sachin-Jigar, Neha Kakkar","Jaane Jaan - Title Track (From ""Jaane Jaan"")",50ZzqYelh9g0PEb4vT3sNb,23L1GZqw7zJbTVGp7wGQc8,38,2023-09-11,140469,False,https://open.spotify.com/track/23L1GZqw7zJbTVGp7wGQc8,0.713,0.606,1,-6.952,0,0.0418,0.713,0.000166,0.163,0.527,127.938
148,Rangi Saari,"Kavita Seth, Kanishk Seth",Rangi Saari,47Pfns3lteJ9cVpmRhA7gK,3F2BSn4ayglzMwquBRHZq6,63,2020-04-24,214000,False,https://open.spotify.com/track/3F2BSn4ayglzMwquBRHZq6,0.613,0.685,10,-7.993,1,0.0419,0.212,0.0615,0.0926,0.268,139.985
149,O Re Piya,"Salim–Sulaiman, Rahat Fateh Ali Khan, Jaideep Sahni",Aaja Nachle,4ONIL6w6cUj2ArNYM6V4CL,7cWnks0lsRtpAi87COOiXK,69,2007-10-18,379768,False,https://open.spotify.com/track/7cWnks0lsRtpAi87COOiXK,0.586,0.532,11,-8.837,0,0.0328,0.779,0.000565,0.124,0.494,99.994
150,Raabta,"Pritam, Arijit Singh",Agent Vinod,2DqQ34i4uuuZWTScsGIgHr,6FjbAnaPRPwiP3sciEYctO,70,2012-02-24,243578,False,https://open.spotify.com/track/6FjbAnaPRPwiP3sciEYctO,0.657,0.581,0,-8.108,1,0.0298,0.699,1.82e-05,0.116,0.323,118.037
151,Zara Zara,Bombay Jayashri,Rehnaa Hai Terre Dil Mein,2wYCe7tPgYvU2A1o6iF9hx,7wrYBASu0OoxoDErd4Edxd,59,2001-10-19,298266,False,https://open.spotify.com/track/7wrYBASu0OoxoDErd4Edxd,0.643,0.268,11,-15.073,0,0.09,0.593,2.06e-06,0.316,0.62,143.813
152,"Tum Se (From ""Teri Baaton Mein Aisa Uljha Jiya"")","Sachin-Jigar, Raghav Chaitanya, Varun Jain, Indraneel","Tum Se (From ""Teri Baaton Mein Aisa Uljha Jiya"")",3vVIhgkDoC0vRBba5drHPe,2ceeTJAzKy295Fm0VsaXtE,78,2024-02-02,264090,False,https://open.spotify.com/track/2ceeTJAzKy295Fm0VsaXtE,0.612,0.595,10,-6.356,1,0.0331,0.68,1.11e-06,0.104,0.435,99.991
153,Qaafirana,"Arijit Singh, Nikhita Gandhi",Kedarnath (Original Motion Picture Soundtrack),5tr2QN1s6pREyv0Kc39Zpm,7BCp5hEiiDSmXsxsXkvYff,69,2018-11-27,341823,False,https://open.spotify.com/track/7BCp5hEiiDSmXsxsXkvYff,0.413,0.433,4,-8.958,1,0.042,0.0722,0.0,0.123,0.208,169.954
154,"Sajni (From ""Laapataa Ladies"")","Ram Sampath, Arijit Singh, Prashant Pandey","Sajni (From ""Laapataa Ladies"")",3I3kZyHUtEA9Y59rJkxtk6,5zCnGtCl5Ac5zlFHXaZmhy,83,2024-02-12,170045,False,https://open.spotify.com/track/5zCnGtCl5Ac5zlFHXaZmhy,0.428,0.413,0,-7.783,1,0.0281,0.827,9.35e-06,0.108,0.355,79.646
155,"Dekhha Tenu (From ""Mr. And Mrs. Mahi"")","Mohammad Faiz, Jaani","Dekhha Tenu (From ""Mr. And Mrs. Mahi"")",1C3FmwSQAbjnZR6GRgnWQc,34Fh4HXZmnuBdtgejWUZg2,81,2024-05-14,281512,False,https://open.spotify.com/track/34Fh4HXZmnuBdtgejWUZg2,0.417,0.439,10,-6.901,1,0.0368,0.711,0.0,0.193,0.506,83.982
156,Tu Mil Gaya,"Tanishk Bagchi, Jubin Nautiyal, Tulsi Kumar, Shloke Lal",Srikanth,02MStK0KNHY9H6xkmJX5qB,6O6ubQqDP3rd9WCAWhgYvc,34,2024-05-13,269166,False,https://open.spotify.com/track/6O6ubQqDP3rd9WCAWhgYvc,0.651,0.604,5,-7.844,1,0.0504,0.731,4.28e-06,0.125,0.62,145.888
157,"Tainu Khabar Nahi - From ""Munjya""","Sachin-Jigar, Arijit Singh","Tainu Khabar Nahi (From ""Munjya"")",0cJXodCZCl2EWRNcw6m1eJ,5npFBWhVs3VVlc0nY5xQMA,72,2024-05-31,188167,False,https://open.spotify.com/track/5npFBWhVs3VVlc0nY5xQMA,0.588,0.595,9,-7.493,1,0.0488,0.777,0.0,0.153,0.594,90.013
158,"Agar Ho Tum (From ""Mr. And Mrs. Mahi"")","Tanishk Bagchi, Kausar Munir","Agar Ho Tum (From ""Mr. And Mrs. Mahi"")",08PRzEfce7mwprUTvMmfh2,0a17mIL7XTvYqe9mxuPd3y,71,2024-05-20,253224,False,https://open.spotify.com/track/0a17mIL7XTvYqe9mxuPd3y,0.696,0.499,2,-10.061,1,0.0415,0.582,0.0,0.101,0.591,151.848
159,"Ve Kamleya (From ""Rocky Aur Rani Kii Prem Kahaani"")","Pritam, Arijit Singh, Shreya Ghoshal, Shadab Faridi, Altamash Faridi, Amitabh Bhattacharya",Rocky Aur Rani Kii Prem Kahaani,0SB9pkSJOzevi6IpIBJbwy,2q9lPN7CT92W1Ry77j2acn,62,2023-08-14,246989,False,https://open.spotify.com/track/2q9lPN7CT92W1Ry77j2acn,0.468,0.658,2,-7.6,1,0.0668,0.81,0.0333,0.12,0.534,87.607
160,Tera Fitoor,Arijit Singh,Genius (Original Motion Picture Soundtrack),3RtFFza4brQXoNSv19g1ps,1YMLgvsQdE27r30q0fsLeV,73,2018-08-24,310000,False,https://open.spotify.com/track/1YMLgvsQdE27r30q0fsLeV,0.576,0.688,9,-5.136,1,0.0319,0.346,0.0439,0.262,0.726,135.984
161,Baarish,"Shashaa Tirupati, Ash King",Half Girlfriend (Original Motion Picture Soundtrack),6MJDmQZ0BDR3pw6m2oFc03,4FeiicaPWhZZusS1rddYdc,67,2017-04-30,276380,False,https://open.spotify.com/track/4FeiicaPWhZZusS1rddYdc,0.466,0.769,0,-3.207,1,0.0325,0.579,0.0,0.108,0.472,87.959
162,Akhiyaan Gulaab,Mitraz,Teri Baaton Mein Aisa Uljha Jiya,0KvWbswDD0ksvFayBl6gUz,0qPoQiQIhgyMaP7X78hxri,67,2024-02-05,171147,False,https://open.spotify.com/track/0qPoQiQIhgyMaP7X78hxri,0.763,0.587,8,-8.299,0,0.0381,0.358,6.03e-06,0.13,0.794,106.977
163,"Soni Soni (From ""Ishq Vishk Rebound"")","Darshan Raval, Jonita Gandhi, Rochak Kohli, Gurpreet Saini","Soni Soni (From ""Ishq Vishk Rebound"")",3vBso6gFPmEwstdMXn3Ahi,36N5awamOX6XX5pQn3aFXZ,77,2024-05-24,176875,False,https://open.spotify.com/track/36N5awamOX6XX5pQn3aFXZ,0.803,0.694,8,-7.83,0,0.0527,0.551,0.000626,0.128,0.484,108.035
164,Maiyya Mainu,Sachet Tandon,Jersey (Original Motion Picture Soundtrack),1FrTddcjO9PzPaJX7SkQEC,3ygfdwvBJ2Y5XhJiiHFFZE,70,2022-04-26,231576,False,https://open.spotify.com/track/3ygfdwvBJ2Y5XhJiiHFFZE,0.63,0.739,0,-3.942,1,0.0248,0.194,0.0,0.113,0.224,109.985
165,Phir Bhi Tumko Chaahunga,"Mithoon, Arijit Singh, Shashaa Tirupati",Half Girlfriend (Original Motion Picture Soundtrack),6MJDmQZ0BDR3pw6m2oFc03,3oNVqllTnz7bHrY3f0nICg,65,2017-04-30,351588,False,https://open.spotify.com/track/3oNVqllTnz7bHrY3f0nICg,0.528,0.524,1,-8.107,1,0.0337,0.877,1.4e-05,0.172,0.269,99.636
166,Pehle Bhi Main,"Vishal Mishra, Raj Shekhar",ANIMAL,0a183xiCHiC1GQd8ou7WXO,7yDHHVKLbvDmVw1XXhDDIO,80,2023-11-24,250158,False,https://open.spotify.com/track/7yDHHVKLbvDmVw1XXhDDIO,0.413,0.406,10,-10.23,0,0.0353,0.768,2.22e-06,0.107,0.281,76.944
167,Apna Bana Le,"Sachin-Jigar, Arijit Singh, Amitabh Bhattacharya",Bhediya (Original Motion Picture Soundtrack),12sC6UjMWz6EaxnzyfCNMe,5bQ6oDLqvw8tywmnSmwEyL,74,2022-11-22,261702,False,https://open.spotify.com/track/5bQ6oDLqvw8tywmnSmwEyL,0.586,0.562,9,-7.399,1,0.0267,0.803,5.52e-06,0.063,0.436,93.982
168,Toota Jo Kabhi Tara,"Sumedha Karmahe, Atif Aslam",A Flying Jatt (Original Motion Picture Soundtrack),3cQKKwujNKugZkKru6rbgE,2xLaYf6XYIFz3tuUJjELAs,66,2016-08-04,305015,False,https://open.spotify.com/track/2xLaYf6XYIFz3tuUJjELAs,0.46,0.674,9,-6.285,0,0.0356,0.422,3.02e-05,0.121,0.22,139.971
169,Kalank - Duet,"Arijit Singh, Shilpa Rao, Pritam",Kalank (Original Motion Picture Soundtrack),6oGrVe1XTTji8TBQh5eJit,4cAPxxUgQXiuJu3QRBGMGr,62,2019-04-14,311186,False,https://open.spotify.com/track/4cAPxxUgQXiuJu3QRBGMGr,0.58,0.555,10,-8.475,1,0.0352,0.557,3.29e-05,0.0957,0.491,117.973
170,"Satranga (From ""ANIMAL"")","Arijit Singh, Shreyas Puranik, Siddharth - Garima","Satranga (From ""ANIMAL"")",5mZX4EMwEyohNmVfLTDtXn,3yHyiUDJdz02FZ6jfUbsmY,80,2023-10-27,271169,False,https://open.spotify.com/track/3yHyiUDJdz02FZ6jfUbsmY,0.273,0.405,0,-5.81,1,0.0298,0.735,0.0,0.189,0.534,89.48
171,O Saathi,"Atif Aslam, Arko","O Saathi (From ""Baaghi 2"")",23L9JSXD0RrynRb71ZfL9A,6fScgF2Y63ScU73nYju0ny,72,2018-03-09,251819,False,https://open.spotify.com/track/6fScgF2Y63ScU73nYju0ny,0.481,0.496,8,-7.421,1,0.0262,0.588,0.0,0.132,0.453,89.839
172,"Kesariya (From ""Brahmastra"")","Pritam, Arijit Singh, Amitabh Bhattacharya","Kesariya (From ""Brahmastra"")",1HeX4SmCFW4EPHQDvHgrVS,6VBhH7CyP56BXjp8VsDFPZ,71,2022-07-17,268165,False,https://open.spotify.com/track/6VBhH7CyP56BXjp8VsDFPZ,0.577,0.574,0,-6.525,1,0.0278,0.572,0.0,0.1,0.436,94.009
173,Tera Ban Jaunga,"Akhil Sachdeva, Tulsi Kumar",Kabir Singh,3uuu6u13U0KeVQsZ3CZKK4,3oWxFNsXstcancCR1wODR4,67,2019-06-14,236437,False,https://open.spotify.com/track/3oWxFNsXstcancCR1wODR4,0.605,0.53,11,-6.346,1,0.0246,0.821,0.0,0.131,0.397,93.95
174,"Chaleya (From ""Jawan"")","Anirudh Ravichander, Arijit Singh, Shilpa Rao, Kumaar","Chaleya (From ""Jawan"")",7zAITOBN6eG4UBm4IapAik,4nc6XiUze2Yh7wFueGOPv7,74,2023-08-14,200374,False,https://open.spotify.com/track/4nc6XiUze2Yh7wFueGOPv7,0.575,0.845,0,-5.28,1,0.0852,0.393,0.0107,0.131,0.439,95.047
175,"Tum Kya Mile (From ""Rocky Aur Rani Kii Prem Kahaani"")","Pritam, Arijit Singh, Shreya Ghoshal, Amitabh Bhattacharya","Tum Kya Mile (From ""Rocky Aur Rani Kii Prem Kahaani"")",5FtQVEQsWzRcpqh820ZoII,06LCamFUOtImIKi9mFRKiD,73,2023-06-28,277500,False,https://open.spotify.com/track/06LCamFUOtImIKi9mFRKiD,0.271,0.726,7,-6.504,1,0.0527,0.586,0.0,0.353,0.532,87.425
176,Zaalima,"Arijit Singh, Harshdeep Kaur",Raees (Original Motion Picture Soundtrack),5htEa8wThL3TBnRLmsuxzD,1J9vyEntJ79CppvgUxJs75,68,2017-01-24,299333,False,https://open.spotify.com/track/1J9vyEntJ79CppvgUxJs75,0.487,0.898,9,-3.791,1,0.172,0.309,0.0,0.0886,0.65,88.349
177,"Hua Main (From ""ANIMAL"")","Raghav Chaitanya, Manoj Muntashir, Pritam","Hua Main (From ""ANIMAL"")",1Vkdf3mTQV4RakJBz0HbgT,54PRUdMOYzglMGnsg9kIta,72,2023-10-11,277021,False,https://open.spotify.com/track/54PRUdMOYzglMGnsg9kIta,0.371,0.664,5,-5.027,1,0.0318,0.566,2.54e-05,0.159,0.672,187.629
178,"Shayad (Film Version) - From ""Love Aaj Kal""","Pritam, Jubin Nautiyal, Madhubanti Bagchi","Shayad (Film Version) [From ""Love Aaj Kal""]",3IbTgvx8roeABgl7i4d2TV,72s1xrc7E27aATdCMbFMC6,59,2021-03-26,245733,False,https://open.spotify.com/track/72s1xrc7E27aATdCMbFMC6,0.345,0.508,8,-7.595,1,0.0358,0.912,0.00138,0.101,0.287,135.21
179,Tera Chehra,Arijit Singh,Sanam Teri Kasam (Original Motion Picture Soundtrack),2yYfIOq25JQWvUQ9AR172D,3trnNo4KeaUlFuUiV7iRCj,68,2016-01-06,274000,False,https://open.spotify.com/track/3trnNo4KeaUlFuUiV7iRCj,0.707,0.714,1,-4.143,1,0.0311,0.436,2.89e-06,0.0919,0.229,118.974
180,Ve Maahi,"Arijit Singh, Asees Kaur, Tanishk Bagchi",Kesari (Original Motion Picture Soundtrack),3hdOKtAGjNOJckzjOrgTmN,276OSoX4vez6UtPF8TGWav,66,2019-03-18,223999,False,https://open.spotify.com/track/276OSoX4vez6UtPF8TGWav,0.651,0.551,0,-6.906,1,0.0274,0.405,0.0,0.219,0.294,102.935
181,Hawayein,"Pritam, Arijit Singh",Jab Harry Met Sejal (Original Motion Picture Soundtrack),4I39l0YJ7tmSBXZGZamN5E,0l6g8Z8mqGbGXFOjigYetD,70,2017-08-03,289999,False,https://open.spotify.com/track/0l6g8Z8mqGbGXFOjigYetD,0.606,0.601,2,-5.576,1,0.0283,0.796,0.000511,0.127,0.453,125.961
182,Soch Na Sake,"Amaal Mallik, Arijit Singh, Tulsi Kumar",Airlift,1IwC3SdQXPgXSs8FLvOUju,6mTvwBzWTGDOVeCNQEqtOE,73,2015-12-17,281323,False,https://open.spotify.com/track/6mTvwBzWTGDOVeCNQEqtOE,0.505,0.667,9,-5.797,1,0.0323,0.597,0.0,0.213,0.516,151.728
183,Tere Sang Yaara,"Atif Aslam, Manoj Muntashir",Rustom (Original Motion Picture Soundtrack),78QGeq3kPu6bBNpYXUAR60,72CkpVdvmc8t28o8I9N32J,70,2016-07-15,286380,False,https://open.spotify.com/track/72CkpVdvmc8t28o8I9N32J,0.42,0.551,8,-7.348,1,0.0374,0.651,0.0,0.124,0.554,74.883
184,Raataan Lambiyan,"Tanishk Bagchi, Jubin Nautiyal, Asees Kaur",Shershaah (Original Motion Picture Soundtrack),5BLwx5IlfoWOrjJJ3i7gbK,1stiSonuKkZqhI1o9nZ9MT,63,2021-08-16,230292,False,https://open.spotify.com/track/1stiSonuKkZqhI1o9nZ9MT,0.721,0.628,10,-5.546,1,0.0409,0.61,0.0,0.108,0.514,81.008
185,Chashni,Abhijeet Srivastava,Bharat,6Jl2MfI7pB2hWKvTUc5DbA,1ZQFkNNTzooW4lThiC8pg2,57,2019-05-17,265995,False,https://open.spotify.com/track/1ZQFkNNTzooW4lThiC8pg2,0.756,0.52,6,-8.642,1,0.0341,0.495,0.0,0.0901,0.684,119.92
186,Atak Gaya,"Arijit Singh, Rupali Moghe",Badhaai Do (Original Motion Picture Soundtrack),6aoSVvw7A1ULSKXCkn4Kl3,5Z2k12MKbQTUYLKHSPs2jc,64,2022-02-01,199407,False,https://open.spotify.com/track/5Z2k12MKbQTUYLKHSPs2jc,0.4,0.366,6,-8.598,1,0.0342,0.87,0.00163,0.102,0.508,80.568
187,Dekhte Dekhte,Atif Aslam,Batti Gul Meter Chalu,4Uxt9DMRqqyFy1Ve6BuFte,1scGwkyXNCl19wrBDhnAWg,66,2018-09-08,256271,False,https://open.spotify.com/track/1scGwkyXNCl19wrBDhnAWg,0.799,0.828,9,-4.846,0,0.0782,0.424,0.0,0.145,0.627,105.04
188,"Phir Aur Kya Chahiye (From ""Zara Hatke Zara Bachke"")","Sachin-Jigar, Arijit Singh, Amitabh Bhattacharya","Phir Aur Kya Chahiye (From ""Zara Hatke Zara Bachke"")",6j4QpObdnZpxNU52o2egBZ,5QW9K4A1gMnIi94YUxtsfM,70,2023-05-16,266075,False,https://open.spotify.com/track/5QW9K4A1gMnIi94YUxtsfM,0.556,0.552,4,-5.875,1,0.0373,0.531,0.0,0.121,0.531,100.051
189,Tujhe Kitna Chahne Lage,Arijit Singh,Kabir Singh,3uuu6u13U0KeVQsZ3CZKK4,5QtEFRYavs5S3GHtFEq7A4,65,2019-06-14,284780,False,https://open.spotify.com/track/5QtEFRYavs5S3GHtFEq7A4,0.395,0.397,11,-7.556,1,0.0368,0.735,0.0,0.11,0.303,70.568
190,Raabta,"Pritam, Arijit Singh",Agent Vinod,2DqQ34i4uuuZWTScsGIgHr,6FjbAnaPRPwiP3sciEYctO,70,2012-02-24,243578,False,https://open.spotify.com/track/6FjbAnaPRPwiP3sciEYctO,0.657,0.581,0,-8.108,1,0.0298,0.699,1.82e-05,0.116,0.323,118.037
191,Hasi - Male Version,"Ami Mishra, Kunaal Vermaa",Hamari Adhuri Kahani (Original Motion Picture Soundtrack),7sVzilmsqYcLMYw2gtvoZM,32765xcLM1fd6wQIpkN9A0,71,2015-05-21,272669,False,https://open.spotify.com/track/32765xcLM1fd6wQIpkN9A0,0.283,0.58,6,-5.946,0,0.0339,0.434,0.0,0.0577,0.217,147.93
192,Pal,"Javed-Mohsin, Arijit Singh, Shreya Ghoshal, Kunaal Vermaa, Prashant Ingole",Pal,4QCM8VlhhlwZtQ2Ew7gtIg,5G7pZ8G8NFvS1MQ9H4L7dC,72,2018-09-14,247286,False,https://open.spotify.com/track/5G7pZ8G8NFvS1MQ9H4L7dC,0.51,0.502,7,-7.016,0,0.0325,0.71,0.0,0.0708,0.321,133.885
193,"Ranjha (From ""Shershaah"")","Jasleen Royal, B Praak, Romy, Anvita Dutt","Ranjha (From ""Shershaah"")",0Z1zYMwJRpvq0d9rdqTOYo,72zHuDxFQTjbL51qJQSA7j,71,2021-08-05,228855,False,https://open.spotify.com/track/72zHuDxFQTjbL51qJQSA7j,0.603,0.573,1,-5.843,1,0.0502,0.478,0.0,0.0971,0.236,82.941
194,Mere Sohneya,"Sachet Tandon, Parampara Tandon",Kabir Singh,3uuu6u13U0KeVQsZ3CZKK4,7sJQv0LRPgM2xCkkdWOlyj,64,2019-06-14,193356,False,https://open.spotify.com/track/7sJQv0LRPgM2xCkkdWOlyj,0.376,0.643,9,-5.713,1,0.0411,0.558,0.0,0.217,0.646,136.228
195,"Mere Yaaraa (From ""Sooryavanshi"")","Arijit Singh, Neeti Mohan, Rashmi Virag","Mere Yaaraa (From ""Sooryavanshi"")",1XO82yE4raeQEBSHxrNuSe,0tpwqQhdfJXRcUDSNRjb9O,70,2021-10-27,285164,False,https://open.spotify.com/track/0tpwqQhdfJXRcUDSNRjb9O,0.324,0.539,2,-8.076,1,0.038,0.713,3.15e-05,0.118,0.486,120.526
196,Kaun Tujhe,Palak Muchhal,M.S.Dhoni - The Untold Story,0UuTH5r9tyFJ2tqnvc1wWm,5T2ZZiBMDGh3TZDUbxg4rV,65,2016-09-17,241449,False,https://open.spotify.com/track/5T2ZZiBMDGh3TZDUbxg4rV,0.531,0.431,2,-8.937,0,0.037,0.868,2.47e-05,0.127,0.19,107.99
197,Suno- Na Sangemarmar,Arijit Singh,Youngistaan,1uHt5HvELZt61uOZrCPuVD,0RrR3wg4ezBVwm7lyeybir,13,2014-03-05,201676,False,https://open.spotify.com/track/0RrR3wg4ezBVwm7lyeybir,0.658,0.563,0,-8.91,0,0.0317,0.494,7.58e-05,0.378,0.582,119.98
198,Paniyon Sa,"Rochak Kohli, Atif Aslam, Tulsi Kumar","Paniyon Sa (From ""Satyameva Jayate"")",6JsjTQo1PrSQSe7ENpUwXu,2si0ZNx4yRbggTvrIom8A2,68,2018-07-12,236240,False,https://open.spotify.com/track/2si0ZNx4yRbggTvrIom8A2,0.523,0.768,0,-4.953,0,0.0566,0.447,0.000226,0.0833,0.669,75.03
199,Kaise Hua,Vishal Mishra,Kabir Singh,3uuu6u13U0KeVQsZ3CZKK4,5w0Xpt2YHT2Y3z3e4UUJP7,67,2019-06-14,234722,False,https://open.spotify.com/track/5w0Xpt2YHT2Y3z3e4UUJP7,0.37,0.467,2,-6.973,1,0.0411,0.442,0.0,0.109,0.162,137.796
200,"Tu Hi Yaar Mera (From ""Pati Patni Aur Woh"")","Rochak Kohli, Arijit Singh, Neha Kakkar","Tu Hi Yaar Mera (From ""Pati Patni Aur Woh"")",7aJiY5GW8uSpZItQXcmeVM,57jOEZtoLQK4zF2x55bdkp,68,2019-12-02,200992,False,https://open.spotify.com/track/57jOEZtoLQK4zF2x55bdkp,0.718,0.382,7,-8.237,1,0.0466,0.585,0.0,0.128,0.499,87.029
201,"Bandeya - From ""Dil Juunglee""","Shaarib Toshi, Arijit Singh","Bandeya (From ""Dil Juunglee"")",0eBjbMAR0N7knX6hBT6c3h,6gwnKOvdBKkTU4CQ7KpIAu,68,2018-02-22,184666,False,https://open.spotify.com/track/6gwnKOvdBKkTU4CQ7KpIAu,0.465,0.551,7,-6.58,1,0.0362,0.619,6.03e-06,0.109,0.415,89.459
202,Mehrama,"Pritam, Darshan Raval, Antara Mitra",Love Aaj Kal (Original Motion Picture Soundtrack),6IXfWhC7omotM4lt0ROmEr,6cUOiOY5qh2FpIQWIYAd2h,70,2020-02-14,249416,False,https://open.spotify.com/track/6cUOiOY5qh2FpIQWIYAd2h,0.56,0.631,7,-9.032,1,0.0334,0.861,0.0133,0.0985,0.376,107.987
203,Dil Diyan Gallan,"Vishal-Shekhar, Atif Aslam, Irshad Kamil",Tiger Zinda Hai,2q00VQKBQu6ZUesFREPFWc,5MnAi6ZF7cE8pAz7wYr9Ta,66,2017-12-12,260537,False,https://open.spotify.com/track/5MnAi6ZF7cE8pAz7wYr9Ta,0.716,0.64,2,-8.726,1,0.025,0.565,0.00139,0.127,0.485,105.012
204,Duniyaa,"Akhil, Dhvani Bhanushali",Luka Chuppi,2PG8bWWdY7tlig5N178jfB,14cceH4q4ME5ywqe2DbFGs,56,2019-02-22,222501,False,https://open.spotify.com/track/14cceH4q4ME5ywqe2DbFGs,0.435,0.658,7,-5.949,0,0.0368,0.699,0.0,0.125,0.524,77.17
205,Pehla Pyaar,"Vishal Mishra, Armaan Malik",Kabir Singh,3uuu6u13U0KeVQsZ3CZKK4,0ojpEubhy4JNeVftmVuiN7,71,2019-06-14,272533,False,https://open.spotify.com/track/0ojpEubhy4JNeVftmVuiN7,0.607,0.713,4,-5.105,1,0.03,0.56,4.98e-05,0.101,0.611,124.868
206,Chale Aana,Armaan Malik,De De Pyaar De,31lh22jsvWDf5ffgRAXaMs,4clW7QGXTCYU5F5dTyfFJ2,59,2019-05-15,271023,False,https://open.spotify.com/track/4clW7QGXTCYU5F5dTyfFJ2,0.368,0.587,6,-6.676,0,0.0378,0.309,0.0,0.149,0.391,143.687
207,Sanu Ek Pal Chain,Rahat Fateh Ali Khan,Raid,6t1dUvow3HRU7M87oHiX4Z,0qilTtN718ldWzIFc37zAl,58,2018-03-01,210346,False,https://open.spotify.com/track/0qilTtN718ldWzIFc37zAl,0.71,0.813,7,-6.099,1,0.0381,0.545,1.68e-05,0.105,0.847,139.998
208,Agar Tum Saath Ho,"Alka Yagnik, Arijit Singh",Tamasha,2CUXo26JAWIbQx0EVMnjpA,3hkC9EHFZNQPXrtl8WPHnX,71,2015-10-16,341055,False,https://open.spotify.com/track/3hkC9EHFZNQPXrtl8WPHnX,0.562,0.519,3,-8.744,1,0.0326,0.557,0.000268,0.172,0.415,122.925
209,Humsafar,"Akhil Sachdeva, Mansheel Gujral",Badrinath Ki Dulhania,26ska1StQhwbWADLTg2hky,6TFESXMfJJWwccviaxGAMa,64,2017-02-14,268463,False,https://open.spotify.com/track/6TFESXMfJJWwccviaxGAMa,0.319,0.552,7,-6.401,1,0.0307,0.719,0.0,0.144,0.221,93.991
210,Darasal,"Pritam, Atif Aslam",Raabta,05U9YwErzcnF0PmyPalDo5,3OZLwCFeWOCFHTlIIrwzmO,60,2017-06-03,274354,False,https://open.spotify.com/track/3OZLwCFeWOCFHTlIIrwzmO,0.705,0.422,0,-7.375,1,0.0299,0.793,0.0,0.0895,0.484,117.949
211,"Channa Ve - From ""Bhoot - Part One: The Haunted Ship""","Mansheel Gujral, Akhil Sachdeva","Channa Ve (From ""Bhoot - Part One: The Haunted Ship"" / Original Motion Picture Soundtrack)",0OOMsr8IXceyjslQVMhOfH,2Z6HgNji9cNlFLNORw6wDQ,69,2020-02-12,211579,False,https://open.spotify.com/track/2Z6HgNji9cNlFLNORw6wDQ,0.676,0.696,9,-6.68,1,0.0452,0.666,0.0,0.0931,0.604,94.944
212,"Thodi Jagah (From ""Marjaavaan"")","Arijit Singh, Tanishk Bagchi","Thodi Jagah (From ""Marjaavaan"")",4DZ2mXEtUDsltgPqGwnRDd,3f0wz6zcA7XkQiGm0qNF5r,70,2019-10-18,218048,False,https://open.spotify.com/track/3f0wz6zcA7XkQiGm0qNF5r,0.621,0.467,0,-4.835,0,0.0273,0.632,0.0,0.0888,0.227,107.164
213,"Hum Nashe Mein Toh Nahin (From ""Bhool Bhulaiyaa 2"")","Pritam, Arijit Singh, Tulsi Kumar","Hum Nashe Mein Toh Nahin (From ""Bhool Bhulaiyaa 2"")",3i3rwvDDpdY1BZmIW2pAvT,6XZWokIxs4leaSmXmU8b26,65,2022-05-09,238252,False,https://open.spotify.com/track/6XZWokIxs4leaSmXmU8b26,0.572,0.736,11,-7.768,1,0.0658,0.643,0.0,0.128,0.778,85.035
214,Khairiyat (Bonus Track),"Pritam, Arijit Singh",Chhichhore,2Svje8vKEM4VCKxoRyAvA4,3oM90C4SZLYzVZJEZD5EQk,66,2019-08-31,270707,False,https://open.spotify.com/track/3oM90C4SZLYzVZJEZD5EQk,0.605,0.655,0,-5.625,0,0.0364,0.484,1.13e-06,0.152,0.597,124.974
215,"Rait Zara Si (From ""Atrangi Re"")","A.R. Rahman, Arijit Singh, Shashaa Tirupati","Rait Zara Si (From ""Atrangi Re"")",2L1otdfoUvp3MKdaT4knVK,4uK0M8AI6gyFmyzUneQpbi,71,2021-12-06,291462,False,https://open.spotify.com/track/4uK0M8AI6gyFmyzUneQpbi,0.563,0.495,2,-10.272,1,0.0362,0.781,0.0,0.0837,0.244,125.998
216,Tu Hai Ki Nahi,Ankit Tiwari,Roy,4ixAjixkWs8mCNdlTH1Cdf,4brSaQIT3bnnE41D042fgL,66,2015-01-09,333922,False,https://open.spotify.com/track/4brSaQIT3bnnE41D042fgL,0.535,0.754,10,-4.77,0,0.0562,0.458,1.6e-06,0.302,0.435,143.862
217,Khamoshiyan,"Jeet Gannguli, Arijit Singh",Khamoshiyan (Original Motion Picture Soundtrack),6mJIpY6r2SzZbLN3ClYCbb,6zCQF5tu7HVwU9shhKqiuF,65,2014-12-29,335710,False,https://open.spotify.com/track/6zCQF5tu7HVwU9shhKqiuF,0.527,0.521,2,-6.837,0,0.0272,0.631,0.0,0.158,0.266,143.892
218,"Naseeb Se (From ""Satyaprem Ki Katha"")","Payal Dev, Vishal Mishra, A.M. Turaz","Naseeb Se (From ""Satyaprem Ki Katha"")",0wjqUAQ7YkdRqTcDjzkepU,3dpM3ijJz0vGzbkh5DcMXz,68,2023-05-27,184312,False,https://open.spotify.com/track/3dpM3ijJz0vGzbkh5DcMXz,0.557,0.599,9,-6.309,0,0.0447,0.556,1.22e-06,0.103,0.392,149.785
219,Nazar Na Lag Jaaye,"Ash King, Sachin-Jigar",Stree,2Z1LgolP3fqxEJ89MS7n9C,0EPTGML5v37lIp97WBMMvD,57,2018-08-22,206175,False,https://open.spotify.com/track/0EPTGML5v37lIp97WBMMvD,0.527,0.622,7,-8.172,0,0.0842,0.7,2.82e-06,0.126,0.672,173.709
220,Sapna Jahan,"Ajay-Atul, Sonu Nigam, Neeti Mohan",Brothers (Original Motion Picture Soundtrack),383e45grHa4YKHGRojMqYy,5PM1dIibpTR57jlugvjNSM,57,2015-07-24,341780,False,https://open.spotify.com/track/5PM1dIibpTR57jlugvjNSM,0.471,0.329,0,-11.958,0,0.0312,0.78,0.0021,0.117,0.144,126.107
221,Tere Bin,"Rahat Fateh Ali Khan, Asees Kaur, Tanishk Bagchi",Simmba,3dynRTuVOrAr5O7srr2txN,4Y1Sd0fSSxHEMrWkd2x3EW,58,2018-12-27,230948,False,https://open.spotify.com/track/4Y1Sd0fSSxHEMrWkd2x3EW,0.649,0.716,7,-3.936,1,0.0384,0.268,4.51e-06,0.603,0.639,86.949
222,Tu Chahiye,"Pritam, Atif Aslam",Bajrangi Bhaijaan,4nZOPP0atfJbBlkedLYi7t,3aaiAWCet6sbfOfLSn3g7i,66,2015-07-07,272680,False,https://open.spotify.com/track/3aaiAWCet6sbfOfLSn3g7i,0.565,0.744,7,-5.817,1,0.0446,0.403,0.0,0.0853,0.415,134.068
223,"Aabaad Barbaad (From ""Ludo"")","Pritam, Arijit Singh","Aabaad Barbaad (From ""Ludo"")",1PzsfgcbPbiW7uflc9Zi5Z,0hFUtSsV2itYEUTZGj6w5H,58,2020-10-21,309103,False,https://open.spotify.com/track/0hFUtSsV2itYEUTZGj6w5H,0.626,0.522,7,-5.857,1,0.0317,0.686,0.0,0.41,0.628,118.001
224,Jag Ghoomeya,"Vishal-Shekhar, Rahat Fateh Ali Khan, Irshad Kamil",Sultan,0tAi6H8acUKefYMIEuxcMA,4KCbZcshgibfJSCAkg87Lv,62,2016-05-31,281992,False,https://open.spotify.com/track/4KCbZcshgibfJSCAkg87Lv,0.484,0.565,11,-7.954,1,0.0347,0.479,2.13e-06,0.105,0.607,82.653
225,"Tumhe Kitna Pyaar Karte (From ""Bawaal"")","Mithoon, Arijit Singh, Manoj Muntashir","Tumhe Kitna Pyaar Karte (From ""Bawaal"")",20zQZcEhMLsDUn1LhPCEFY,03hJuEQpEQERrHpjcXKWzJ,65,2023-07-07,305232,False,https://open.spotify.com/track/03hJuEQpEQERrHpjcXKWzJ,0.602,0.374,10,-9.849,0,0.0328,0.924,7.53e-06,0.084,0.388,101.855
226,Bekhayali,Sachet Tandon,Kabir Singh,3uuu6u13U0KeVQsZ3CZKK4,4yMbbysldl7E3WgiaugnwM,61,2019-06-14,371791,False,https://open.spotify.com/track/4yMbbysldl7E3WgiaugnwM,0.296,0.582,9,-5.18,0,0.0413,0.449,0.0,0.319,0.365,168.4
